{
  "best_f1": 0.7432432432432432,
  "best_threshold": 0.4833333333333334,
  "best_combo": [
    "XGB-P6-Enhanced30",
    "SMOTETomek-Full60"
  ],
  "precision": 0.8208955223880597,
  "recall": 0.6790123456790124,
  "auc": 0.981516457019179,
  "tp": 55,
  "fp": 12,
  "fn": 26,
  "tn": 8989,
  "individual_models": {
    "XGB-P6-Enhanced30": {
      "f1": 0.7132867132867133,
      "auc": 0.972400871782422
    },
    "XGB-P6-Full60": {
      "f1": 0.7083333333333334,
      "auc": 0.9781999530916318
    },
    "XGB-Optuna-Full60": {
      "f1": 0.7346938775510204,
      "auc": 0.979309569169955
    },
    "XGB-Deep-Full60": {
      "f1": 0.6993006993006993,
      "auc": 0.9802779115077749
    },
    "XGB-Shallow-Full60": {
      "f1": 0.7034482758620689,
      "auc": 0.9811968766159042
    },
    "XGB-HighReg-Full60": {
      "f1": 0.6712328767123288,
      "auc": 0.9747229731675904
    },
    "XGB-Seed2-Full60": {
      "f1": 0.7183098591549296,
      "auc": 0.9813628389712529
    },
    "XGB-P6-Base14": {
      "f1": 0.6577181208053692,
      "auc": 0.9755267247397751
    },
    "LGB-Full60": {
      "f1": 0.7162162162162162,
      "auc": 0.9781162861191006
    },
    "SMOTETomek-Full60": {
      "f1": 0.7142857142857143,
      "auc": 0.9791586943014563
    },
    "SMOTEENN-Full60": {
      "f1": 0.7114093959731543,
      "auc": 0.9768530519928512
    },
    "SMOTETomek-Enh30": {
      "f1": 0.7101449275362319,
      "auc": 0.9786525776971282
    },
    "SMOTEENN-Enh30": {
      "f1": 0.7014925373134329,
      "auc": 0.980328660327179
    }
  },
  "optuna_best_params": {
    "n_estimators": 556,
    "max_depth": 6,
    "learning_rate": 0.0629,
    "min_child_weight": 1,
    "subsample": 0.8226,
    "colsample_bytree": 0.3577,
    "gamma": 0.0073,
    "reg_alpha": 0.0121,
    "reg_lambda": 6.9262,
    "scale_pos_weight": 144.921
  }
}